{
  "label_distribution": {
    "negative_count": 12500,
    "positive_count": 12500,
    "total_reviews": 25000
  },
  "text_statistics": {
    "char_length": {
      "mean": 1263.3236,
      "median": 935.0,
      "std": 957.5992890155256,
      "min": 51,
      "max": 13308
    },
    "word_length": {
      "mean": 236.82468,
      "median": 177.0,
      "std": 175.99012024229543,
      "min": 10,
      "max": 2487
    }
  },
  "vocabulary": {
    "total_unique_words": 74218,
    "positive_unique_words": 55143,
    "negative_unique_words": 53816,
    "most_common_overall": [
      [
        "the",
        336652
      ],
      [
        "and",
        164106
      ],
      [
        "a",
        163136
      ],
      [
        "of",
        145854
      ],
      [
        "to",
        135703
      ],
      [
        "is",
        107317
      ],
      [
        "it",
        96445
      ],
      [
        "in",
        93959
      ],
      [
        "i",
        87643
      ],
      [
        "this",
        75967
      ],
      [
        "that",
        73276
      ],
      [
        "s",
        66083
      ],
      [
        "was",
        48196
      ],
      [
        "as",
        46937
      ],
      [
        "for",
        44333
      ],
      [
        "with",
        44121
      ],
      [
        "movie",
        44030
      ],
      [
        "but",
        42613
      ],
      [
        "film",
        40147
      ],
      [
        "t",
        34402
      ]
    ],
    "most_common_positive": [
      [
        "the",
        173324
      ],
      [
        "and",
        89732
      ],
      [
        "a",
        83753
      ],
      [
        "of",
        76848
      ],
      [
        "to",
        66740
      ],
      [
        "is",
        57240
      ],
      [
        "in",
        50212
      ],
      [
        "it",
        48067
      ],
      [
        "i",
        40758
      ],
      [
        "that",
        35638
      ],
      [
        "this",
        35070
      ],
      [
        "s",
        34072
      ],
      [
        "as",
        26310
      ],
      [
        "with",
        23248
      ],
      [
        "for",
        22413
      ],
      [
        "was",
        21914
      ],
      [
        "film",
        20934
      ],
      [
        "but",
        20834
      ],
      [
        "movie",
        19075
      ],
      [
        "his",
        17226
      ]
    ],
    "most_common_negative": [
      [
        "the",
        163328
      ],
      [
        "a",
        79383
      ],
      [
        "and",
        74374
      ],
      [
        "of",
        69006
      ],
      [
        "to",
        68963
      ],
      [
        "is",
        50077
      ],
      [
        "it",
        48378
      ],
      [
        "i",
        46885
      ],
      [
        "in",
        43747
      ],
      [
        "this",
        40897
      ],
      [
        "that",
        37638
      ],
      [
        "s",
        32011
      ],
      [
        "was",
        26282
      ],
      [
        "movie",
        24955
      ],
      [
        "for",
        21920
      ],
      [
        "but",
        21779
      ],
      [
        "with",
        20873
      ],
      [
        "as",
        20627
      ],
      [
        "t",
        20591
      ],
      [
        "film",
        19213
      ]
    ],
    "sentiment_words": {
      "most_positive": [
        [
          "edie",
          {
            "score": 1.0,
            "total": 107,
            "positive": 107,
            "negative": 0
          }
        ],
        [
          "boll",
          {
            "score": -0.986013986013986,
            "total": 143,
            "positive": 1,
            "negative": 142
          }
        ],
        [
          "paulie",
          {
            "score": 0.9831932773109243,
            "total": 119,
            "positive": 118,
            "negative": 1
          }
        ],
        [
          "uwe",
          {
            "score": -0.9803921568627451,
            "total": 102,
            "positive": 1,
            "negative": 101
          }
        ],
        [
          "seagal",
          {
            "score": -0.9487179487179487,
            "total": 156,
            "positive": 4,
            "negative": 152
          }
        ],
        [
          "felix",
          {
            "score": 0.9338842975206612,
            "total": 121,
            "positive": 117,
            "negative": 4
          }
        ],
        [
          "unwatchable",
          {
            "score": -0.9245283018867925,
            "total": 106,
            "positive": 4,
            "negative": 102
          }
        ],
        [
          "stinker",
          {
            "score": -0.9215686274509803,
            "total": 102,
            "positive": 4,
            "negative": 98
          }
        ],
        [
          "polanski",
          {
            "score": 0.9056603773584906,
            "total": 106,
            "positive": 101,
            "negative": 5
          }
        ],
        [
          "mst",
          {
            "score": -0.9,
            "total": 180,
            "positive": 9,
            "negative": 171
          }
        ]
      ],
      "most_negative": [
        [
          "boll",
          {
            "score": -0.986013986013986,
            "total": 143,
            "positive": 1,
            "negative": 142
          }
        ],
        [
          "uwe",
          {
            "score": -0.9803921568627451,
            "total": 102,
            "positive": 1,
            "negative": 101
          }
        ],
        [
          "seagal",
          {
            "score": -0.9487179487179487,
            "total": 156,
            "positive": 4,
            "negative": 152
          }
        ],
        [
          "unwatchable",
          {
            "score": -0.9245283018867925,
            "total": 106,
            "positive": 4,
            "negative": 102
          }
        ],
        [
          "stinker",
          {
            "score": -0.9215686274509803,
            "total": 102,
            "positive": 4,
            "negative": 98
          }
        ],
        [
          "mst",
          {
            "score": -0.9,
            "total": 180,
            "positive": 9,
            "negative": 171
          }
        ],
        [
          "incoherent",
          {
            "score": -0.8985507246376812,
            "total": 138,
            "positive": 7,
            "negative": 131
          }
        ],
        [
          "unfunny",
          {
            "score": -0.8726591760299626,
            "total": 267,
            "positive": 17,
            "negative": 250
          }
        ],
        [
          "waste",
          {
            "score": -0.8654770075497598,
            "total": 1457,
            "positive": 98,
            "negative": 1359
          }
        ],
        [
          "blah",
          {
            "score": -0.8564102564102564,
            "total": 195,
            "positive": 14,
            "negative": 181
          }
        ]
      ]
    }
  },